Word,Phonetic,Frequency,Definition,Cloze Test,Chinese Definition,Unit
amateur,[ˈæmətə(r)],3 / 5,Amateur sports or activities are done by people as a hobby and not as a job.,______ sports or activities are done by people as a hobby and not as a job.,业余爱好者 | 业余的,Unit 3
annual,[ˈænjuəl],4 / 5,An annual event happens once every year.,An ______ event happens once every year.,每年一次的 | 每年一次地 | 年度的 | 年度地 | 年鉴; 年刊 | 一年生植物,Unit 3
arena,[əˈriːnə],2 / 5,"An arena is a large building with a big open area in the middle, used for sports events and other entertainments.","An ______ is a large building with a big open area in the middle, used for sports events and other entertainments.",竞技场 | 斗争场所,Unit 3
artificial,[ˌɑːtɪˈfɪʃ(ə)l],2 / 5,"Artificial things are made or produced by people, often as a copy of something natural.","______ things are made or produced by people, often as a copy of something natural.",人造的 (物体、材料、工艺等) | 人造地 | 人为的 (状态、状况) | 人为地,Unit 3
cap,[kæp],3 / 5,"A cap is a limit that is set on an amount or number, especially an official one.","A ______ is a limit that is set on an amount or number, especially an official one.",软扁帽; 便帽 | 制服帽 | 瓶盖 | 成为…的结尾,Unit 3
championship,[ˈtʃæmpiənʃɪp],4 / 5,A championship is a competition to find the best player or team in a particular sport or game.,A ______ is a competition to find the best player or team in a particular sport or game.,锦标赛 | 冠军称号,Unit 3
crack,[kræk],3 / 5,A crack is a line on the surface of something where it has split without breaking into separate parts.,A ______ is a line on the surface of something where it has split without breaking into separate parts.,使…破裂; 破裂 | 使…噼啪作响; 发出辟裂声 | 撞击 | 叩开 | 破解 (难题、密码) | 精神) 垮掉 | 嗓音) 突然变化 | 说 (笑话) | 裂缝 | 裂纹 | 缝隙 | 爆裂声 | 强效纯可卡因 | 训练有素的 | 挖苦人的) 笑话,Unit 3
crucial,[ˈkruːʃ(ə)l],3 / 5,Something that is crucial is extremely important or necessary.,Something that is ______ is extremely important or necessary.,至关重要的 | 至关重要地,Unit 3
curved,[kɜːvd],1 / 5,"Something that is curved has a smooth, rounded shape rather than straight sides.","Something that is ______ has a smooth, rounded shape rather than straight sides.",弧形的,Unit 3
digit,[ˈdɪdʒɪt],1 / 5,A digit is a finger or toe.,A ______ is a finger or toe.,到9的任一) 数字,Unit 3
engaging,[ɪnˈɡeɪdʒɪŋ],1 / 5,"If you describe someone or something as engaging, you mean that they are attractive and interesting.","If you describe someone or something as ______, you mean that they are attractive and interesting.",迷人的,Unit 3
essential,[ɪˈsenʃ(ə)l],4 / 5,Something that is essential is extremely important or absolutely necessary.,Something that is ______ is extremely important or absolutely necessary.,至关重要的 | 必需品 | 基本的; 重要的 | 要素; 要点,Unit 3
estimated,[ˈestɪmeɪtɪd],4 / 5,An estimated amount or number is one that people calculate or guess to be correct.,An ______ amount or number is one that people calculate or guess to be correct.,估计 | 估计的 | 估计 | 判断 | 估价,Unit 3
fake,[feɪk],N/A,"Something that is fake is not genuine, but is made to look or seem genuine in order to deceive people.","Something that is ______ is not genuine, but is made to look or seem genuine in order to deceive people.",adj. 伪造的，冒充的；（动作或感情）虚假的，做作的 | n. 假货，赝品；骗子，冒充者；假动作；（绳索、水龙带等的）一圈（=flake） | v. 伪造，冒充；假装，佯装；（尤指体育运动中）做假动作；不懂装懂，不会装会；盘卷（=flake） | 【名】 （Fake）（印）费克（人名）,Unit 3
fulfill,[fʊlˈfɪl],N/A,"If you fulfill a hope, wish, or aim, you achieve it or make it happen.","If you ______ a hope, wish, or aim, you achieve it or make it happen.",vt. 履行；实现；满足；使结束（等于 fulfil）,Unit 3
harness,[ˈhɑːnɪs],1 / 5,"A harness is a set of straps and fastenings used to control or hold in place a person, animal, or object.","A ______ is a set of straps and fastenings used to control or hold in place a person, animal, or object.",利用 | 背带; 安全带 | 马具; 挽具 | 给…套上挽具,Unit 3
identical,[aɪˈdentɪk(ə)l],2 / 5,"If two things are identical, they are exactly the same.","If two things are ______, they are exactly the same.",完全相同的 | 完全相同地,Unit 3
investigate,[ɪnˈvestɪɡeɪt],4 / 5,"If you investigate something, you examine it thoroughly in order to find out more about it.","If you ______ something, you examine it thoroughly in order to find out more about it.",调查 | 调查,Unit 3
literally,[ˈlɪtərəli],2 / 5,"You use literally to emphasize that what you are saying is true, even though it seems exaggerated or surprising.","You use ______ to emphasize that what you are saying is true, even though it seems exaggerated or surprising.",真地 | 确实地 | 字面上地,Unit 3
lucrative,[ˈluːkrətɪv],2 / 5,"A lucrative activity, job, or business deal produces a lot of money.","A ______ activity, job, or business deal produces a lot of money.",获利丰厚的,Unit 3
mellow,[ˈmeləʊ],1 / 5,"Someone or something that is mellow is calm, peaceful, and easygoing.","Someone or something that is ______ is calm, peaceful, and easygoing.",柔和的 | 声音) 柔美的; (味道) 香醇的 | 使变平和; 变平和 | 平和的,Unit 3
participant,[pɑːˈtɪsɪpənt],2 / 5,A participant is a person who takes part in an activity or event.,A ______ is a person who takes part in an activity or event.,参加者,Unit 3
perspective,[pəˈspektɪv],3 / 5,"A perspective is a particular way of thinking about something, especially one that is influenced by your beliefs or experiences.","A ______ is a particular way of thinking about something, especially one that is influenced by your beliefs or experiences.",思维方式; 看法 | 看待事物) 正确/不正确地,Unit 3
prestigious,[preˈstɪdʒəs],2 / 5,"If you describe something as prestigious, you mean that it is respected and admired.","If you describe something as ______, you mean that it is respected and admired.",有声望的,Unit 3
pro,[prəʊ],2 / 5,A pro is someone who plays a sport or does an activity as a job rather than for enjoyment.,A ______ is someone who plays a sport or does an activity as a job rather than for enjoyment.,专业人员 | 职业的 | 支持; 赞成 | 赞成的意见; 赞成的理由 | 利弊,Unit 3
quarterfinal,"[,kwɔ:tə'fainəl]",N/A,A quarterfinal is one of the four matches or contests that are played to decide which players or teams will take part in the semifinals.,A ______ is one of the four matches or contests that are played to decide which players or teams will take part in the semifinals.,adj. 四分之一决赛的 | n. 四分之一决赛,Unit 3
root for,N/A,N/A,"If you root for someone, you support or encourage them in a competitive situation.","If you ______ someone, you support or encourage them in a competitive situation.",支持；赞助；为……加油,Unit 3
scanner,[ˈskænə(r)],1 / 5,A scanner is a device that can read or copy images or text and convert them into digital data.,A ______ is a device that can read or copy images or text and convert them into digital data.,扫描设备 | 扫描仪,Unit 3
sequence,[ˈsiːkwəns],2 / 5,"A sequence is a set of events, actions, numbers, etc., which have a particular order and which lead to a particular result.","A ______ is a set of events, actions, numbers, etc., which have a particular order and which lead to a particular result.",一系列; 一连串 | 次序; 顺序,Unit 3
slippery,[ˈslɪpəri],1 / 5,"Something that is slippery is difficult to hold, walk on, or move on because it is smooth, wet, or oily.","Something that is ______ is difficult to hold, walk on, or move on because it is smooth, wet, or oily.",滑的; 湿滑的 | 狡猾的; 不可靠的 | 不断恶化的局势,Unit 3
soar,[sɔː(r)],2 / 5,"If an amount or level soars, it increases very quickly.","If an amount or level ______s, it increases very quickly.",急剧增加 | 高飞,Unit 3
sophisticated,[səˈfɪstɪkeɪtɪd],3 / 5,A sophisticated machine or system is very complex and works in a clever way.,A ______ machine or system is very complex and works in a clever way.,高级的; 复杂的 | 老练的; 久经世故的 | 干练的,Unit 3
stability,[stəˈbɪləti],N/A,"Stability is the quality of being stable, or not likely to change or fail.","______ is the quality of being stable, or not likely to change or fail.",n. 稳定（性），稳固（性）；坚定，恒心,Unit 3
stringent,[ˈstrɪndʒənt],1 / 5,"Stringent rules, laws, or conditions are very strict and must be obeyed.","______ rules, laws, or conditions are very strict and must be obeyed.",法律、规定或条件) 严格的,Unit 3
substance,[ˈsʌbstəns],3 / 5,"A substance is a particular type of solid, liquid, or gas.","A ______ is a particular type of solid, liquid, or gas.",物质 | 实质 | 要旨 | 正确性,Unit 3
subtropical,[ˌsʌbˈtrɒpɪk(ə)l],N/A,"Subtropical regions have a climate that is warm for most of the year, but not as hot as tropical regions.","______ regions have a climate that is warm for most of the year, but not as hot as tropical regions.",亚热带的,Unit 3
unsustainable,[ˌʌnsəˈsteɪnəbl],N/A,Something that is unsustainable cannot continue at the same rate or level.,Something that is ______ cannot continue at the same rate or level.,adj. 无法持续的；（生态）破坏生态平衡的，不可持续的；不能支持的，不能主张的,Unit 3
varied,[ˈveərid],2 / 5,"If something is varied, it consists of many different things or has many different aspects.","If something is ______, it consists of many different things or has many different aspects.",各种各样的,Unit 3
violation,[ˌvaɪəˈleɪʃ(ə)n],N/A,"A violation of a law, rule, or agreement is an action that breaks it.","A ______ of a law, rule, or agreement is an action that breaks it.","n. （对法律、协议、原则等的）违背，违反；侵权行为，（对人权的）侵犯；
（对某物的）损毁，（对圣地的）亵渎；强奸",Unit 3
workout,[ˈwɜːkaʊt],1 / 5,A workout is a period of physical exercise or training.,A ______ is a period of physical exercise or training.,体育锻炼; 体育训练,Unit 3
synonym,[ˈsɪnənɪm],N/A,1. N-COUNT A synonym is a word or expression which means the same as another word or expression.,N-COUNT A ___ is a word or expression which means the same as another word or expression.,同义词,Unit 4
mainstream,[ˈmeɪnstriːm],2 / 5,"1. N-COUNT People, activities, or ideas that are part of the mainstream are regarded as the most typical, normal, and conventional because they belong to the same group or system as most others of their kind.","N-COUNT People, activities, or ideas that are part of the ___ are regarded as the most typical, normal, and conventional because they belong to the same group or system as most others of their kind.",主流,Unit 4
alternative,[ɔːlˈtɜːnətɪv],4 / 5,"1. N-COUNT If one thing is an alternative to another, the first can be found, used, or done instead of the second. | 2. ADJ An alternative plan or offer is different from the one that you already have, and can be done or used instead. | 3. ADJ Alternative is used to describe something that is different from the usual things of its kind, or the usual ways of doing something, in modern Western society. For example, an alternative lifestyle does not follow conventional ways of living and working.","N-COUNT If one thing is an ___ to another, the first can be found, used, or done instead of the second.",替代品 | 另外的 [ADJ n] | 另类的 [ADJ n] | 替代性的 (疗法) [ADJ n] | 可再生的 (能源) [ADJ n],Unit 4
comprise,[kəmˈpraɪz],2 / 5,"1. V-T If you say that something comprises or is comprised of a number of things or people, you mean it has them as its parts or members.","V-T If you say that something ___s or is ___d of a number of things or people, you mean it has them as its parts or members.",包含; 由…组成 [正式],Unit 4
attain,[əˈteɪn],1 / 5,"1. V-T If you attain something, you gain it or achieve it, often after a lot of effort. (","V-T If you ___ something, you gain it or achieve it, often after a lot of effort. (",常指经过努力) 获得 [正式],Unit 4
outlet,[ˈaʊtlet],2 / 5,"1. N-COUNT An outlet is a shop or organization which sells the goods made by a particular manufacturer or at a discount price, often direct from the manufacturer. | 2. N-COUNT If someone has an outlet for their feelings or ideas, they have a means of expressing and releasing them. ( | 3. N-COUNT An outlet is a hole or pipe through which liquid or air can flow away.","N-COUNT An ___ is a shop or organization which sells the goods made by a particular manufacturer or at a discount price, often direct from the manufacturer.",专卖店; 直销店 | 感情的) 发泄途径; (思想的) 表达途径 | 出水口; 排气口 | 电源插座 [美国英语],Unit 4
provincial,[prəˈvɪnʃ(ə)l],2 / 5,"1. ADJ Provincial means connected with the parts of a country away from the capital city. | 2. ADJ If you describe someone or something as provincial , you disapprove of them because you think that they are old-fashioned and boring.",ADJ ___ means connected with the parts of a country away from the capital city.,省的 [ADJ n] | 守旧的 [表不满],Unit 4
prominence,[ˈprɒmɪnəns],1 / 5,"1. N-UNCOUNT If someone or something is in a position of prominence , they are well-known and important.","N-UNCOUNT If someone or something is in a position of ___ , they are well-known and important.",著名; 重要性,Unit 4
investigative,[ɪnˈvestɪɡətɪv],1 / 5,"1. ADJ Investigative work, especially journalism, involves investigating things.","ADJ ___ work, especially journalism, involves investigating things.",调查的,Unit 4
journalism,[ˈdʒɜːnəlɪz(ə)m],2 / 5,"1. N-UNCOUNT Journalism is the job of collecting news and writing about it for newspapers, magazines, television, or radio.","N-UNCOUNT ___ is the job of collecting news and writing about it for newspapers, magazines, television, or radio.",新闻工作,Unit 4
criticism,[ˈkrɪtɪsɪzəm],4 / 5,1. N-VAR Criticism is the action of expressing disapproval of something or someone. A criticism is a statement that expresses disapproval. | 2. N-UNCOUNT Criticism is a serious examination and judgment of something such as a book or play.,N-VAR ___ is the action of expressing disapproval of something or someone. A ___ is a statement that expresses disapproval.,批评; 反对意见 | 评论,Unit 4
topical,[ˈtɒpɪkl],2 / 5,1. ADJ Topical is used to describe something that concerns or relates to events that are happening at the present time.,ADJ ___ is used to describe something that concerns or relates to events that are happening at the present time.,有关时事的,Unit 4
numerous,[ˈnjuːmərəs],3 / 5,"1. ADJ If people or things are numerous , they exist or are present in large numbers.","ADJ If people or things are ___ , they exist or are present in large numbers.",许多的,Unit 4
propaganda,[ˌprɒpəˈɡændə],2 / 5,"1. N-UNCOUNT Propaganda is information, often inaccurate information, that a political organization publishes or broadcasts in order to influence people. (","N-UNCOUNT ___ is information, often inaccurate information, that a political organization publishes or broadcasts in order to influence people. (",政治组织的) 宣传 [表不满],Unit 4
announcement,[əˈnaʊnsmənt],3 / 5,"1. N-COUNT An announcement is a statement made to the public or to the media that gives information about something that has happened or that will happen. | 2. N-COUNT An announcement in a public place, such as a newspaper or the window of a shop, is a short piece of writing telling people about something or asking for something. | 3. N-SING The announcement of something that has happened is the act of telling people about it.",N-COUNT An ___ is a statement made to the public or to the media that gives information about something that has happened or that will happen.,公告 | 通告 | 宣布,Unit 4
alert,[əˈlɜːt],3 / 5,"1. ADJ If you are alert , you are paying full attention to things around you and are able to deal with anything that might happen. | 2. N-UNCOUNT alertness | 3. ADJ If you are alert to something, you are fully aware of it.","ADJ If you are ___ , you are paying full attention to things around you and are able to deal with anything that might happen.",警觉的 | 警觉性 | 充分意识到的 [v-link ADJ 'to' n] | 戒备状态 | 向…发出警报 | 准备应对,Unit 4
engaged,[ɪnˈɡeɪdʒd],2 / 5,"1. ADJ Someone who is engaged in a particular activity is doing that thing. | 2. ADJ When two people are engaged , they have agreed to marry each other. | 3. ADJ If a telephone or a telephone line is engaged , it is already being used by someone else so that you are unable to speak to the person you are phoning.",ADJ Someone who is ___ in a particular activity is doing that thing.,正从事的 [正式] [v-link ADJ 'in/on' n] | 已订婚的 | 占线的 [英国英语] | 使用中的 [英国英语],Unit 4
commentator,[ˈkɒmənteɪtə(r)],3 / 5,1. N-COUNT A commentator is a broadcaster who gives a radio or television commentary on an event. ( | 2. N-COUNT A commentator is also someone who often writes or broadcasts about a particular subject.,N-COUNT A ___ is a broadcaster who gives a radio or television commentary on an event. (,电台或电视的) 解说员 | 评论员,Unit 4
assert,[əˈsɜːt],2 / 5,"1. V-T If someone asserts a fact or belief, they state it firmly. | 2. N-VAR assertion | 3. V-T If you assert your authority, you make it clear by your behaviour that you have authority.","V-T If someone ___s a fact or belief, they state it firmly.",坚定地陈述 [正式] | 断言 | 显示 (权威) | 权威的) 显示 | 坚持 (权利或要求) | 坚持 | 彰显 (自己),Unit 4
downright,[ˈdaʊnraɪt],1 / 5,1. ADV You use downright to emphasize unpleasant or bad qualities or behaviour. ( | 2. ADJ Downright is also an adjective.,ADV You use ___ to emphasize unpleasant or bad qualities or behaviour. (,强调不快或负面事物) 彻头彻尾地 [ADV adj] [强调] | 彻头彻尾的 [ADJ n],Unit 4
innermost,[ˈɪnəməʊst],N/A,1. ADJ Your innermost thoughts and feelings are your most personal and secret ones. | 2. ADJ The innermost thing is the one that is nearest to the centre.,ADJ Your ___ thoughts and feelings are your most personal and secret ones.,最隐秘的 [ADJ n] | 最接近中心的 [ADJ n],Unit 4
revive,[rɪˈvaɪv],2 / 5,"1. V-T/V-I When something such as the economy, a business, a trend, or a feeling is revived or when it revives , it becomes active, popular, or successful again. | 2. V-T When someone revives a play, opera, or ballet, they present a new production of it. | 3. V-T/V-I If you revive someone who has fainted or if they revive , they become conscious again.","V-T/V-I When something such as the economy, a business, a trend, or a feeling is ___d or when it ___s , it becomes active, popular, or successful again.",恢复; 复兴 | 重新上演 (作品的新版) | 使苏醒; 苏醒,Unit 4
speculation,[ˌspekjuˈleɪʃ(ə)n],N/A,Speculation is the act of guessing or forming ideas without having all the facts.,___ is the act of guessing or forming ideas without having all the facts.,n. 投机，投机买卖；猜测，推测，推断,Unit 4
civic,[ˈsɪvɪk],2 / 5,1. ADJ You use civic to describe people or things that have an official status in a town or city. | 2. ADJ You use civic to describe the duties or feelings that people have because they belong to a particular community.,ADJ You use ___ to describe people or things that have an official status in a town or city.,市政的 [ADJ n] | 市民的; 公民的 [ADJ n],Unit 4
accomplishment,[əˈkʌmplɪʃmənt],1 / 5,1. N-COUNT An accomplishment is something remarkable that has been done or achieved.,N-COUNT An ___ is something remarkable that has been done or achieved.,成就,Unit 4
prompt,[prɒmpt],3 / 5,"1. V-T To prompt someone to do something means to make them decide to do it. | 2. V-T If you prompt someone when they stop speaking, you encourage or help them to continue. If you prompt an actor, you tell them what their next line is when they have forgotten what comes next. | 3. ADJ A prompt action is done without any delay.",V-T To ___ someone to do something means to make them decide to do it.,促使 | 提示; 给 (演员) 提示词 | 立即的 (行动) | 做某事) 迅速的 [v-link ADJ],Unit 4
era,[ˈɪərə],3 / 5,1. N-COUNT You can refer to a period of history or a long period of time as an era when you want to draw attention to a particular feature or quality that it has.,N-COUNT You can refer to a period of history or a long period of time as an ___ when you want to draw attention to a particular feature or quality that it has.,时代,Unit 4
encompass,[ɪnˈkʌmpəs],1 / 5,"1. V-T If something encompasses particular things, it includes them. | 2. V-T To encompass a place means to completely surround or cover it.","V-T If something ___es particular things, it includes them.",包含 | 围住; 覆盖,Unit 4
commentary,[ˈkɒmənt(ə)ri],2 / 5,1. N-VAR A commentary is a description of an event that is broadcast on radio or television while the event is taking place. | 2. N-COUNT A commentary is an article or book which explains or discusses something. | 3. N-UNCOUNT Commentary is discussion or criticism of something.,N-VAR A ___ is a description of an event that is broadcast on radio or television while the event is taking place.,"实况报道 | 评论性文章 (或书籍) | 评论 [also 'a' N, with supp]",Unit 4
forum,[ˈfɔːrəm],2 / 5,"1. N-COUNT A forum is a place, situation, or group in which people exchange ideas and discuss issues, especially important public issues.","N-COUNT A ___ is a place, situation, or group in which people exchange ideas and discuss issues, especially important public issues.",论坛,Unit 4
transmit,[trænzˈmɪt],2 / 5,"1. V-T/V-I When radio and television programmes, computer data, or other electronic messages are transmitted , they are sent from one place to another, using wires, radio waves, or satellites. | 2. V-T If one person or animal transmits a disease to another, they have the disease and cause the other person or animal to have it. | 3. V-T If an object or substance transmits something such as sound or electrical signals, the sound or signals are able to pass through it.","V-T/V-I When radio and television programmes, computer data, or other electronic messages are ___ed , they are sent from one place to another, using wires, radio waves, or satellites.",传播 (广播电视节目、计算机信息等) | 传播 (疾病) [正式] | 传导 (声音、电子信号等),Unit 4
enthusiast,[ɪnˈθjuːziæst],2 / 5,1. N-COUNT An enthusiast is a person who is very interested in a particular activity or subject and who spends a lot of time on it.,N-COUNT An ___ is a person who is very interested in a particular activity or subject and who spends a lot of time on it.,爱好者,Unit 4
obsolete,[ˈɒbsəliːt],1 / 5,1. ADJ Something that is obsolete is no longer needed because something better has been invented.,ADJ Something that is ___ is no longer needed because something better has been invented.,被淘汰的,Unit 4
documentation,[ˌdɒkjumenˈteɪʃn],1 / 5,"1. N-UNCOUNT Documentation consists of documents which provide proof or evidence of something, or are a record of something.","N-UNCOUNT ___ consists of documents which provide proof or evidence of something, or are a record of something.",文件证据,Unit 4
filter,[ˈfɪltə(r)],2 / 5,"1. V-T To filter a substance means to pass it through a device which is designed to remove certain particles contained in it. | 2. V-I If light or sound filters into a place, it comes in weakly or slowly, either through a partly covered opening, or from a long distance away. ( | 3. V-I When news or information filters through to people, it gradually reaches them. (",V-T To ___ a substance means to pass it through a device which is designed to remove certain particles contained in it.,过滤 | 光、声) 透入 | 新闻、信息等) 逐渐传开 | 过滤器 | 滤声器; 滤光器,Unit 4
celebrity,[səˈlebrəti],2 / 5,"1. N-COUNT A celebrity is someone who is famous, especially in areas of entertainment such as movies, music, writing, or sports. ( | 2. N-UNCOUNT If a person or thing achieves celebrity , they become famous, especially in areas of entertainment such as movies, music, writing, or sports. (","N-COUNT A ___ is someone who is famous, especially in areas of entertainment such as movies, music, writing, or sports. (",尤指娱乐界的) 名人 | 尤指娱乐界的) 名望,Unit 4
scenario,[səˈnɑːriəʊ],2 / 5,"1. N-COUNT If you talk about a likely or possible scenario , you are talking about the way in which a situation may develop.","N-COUNT If you talk about a likely or possible ___ , you are talking about the way in which a situation may develop.",设想; 可能的情况,Unit 4
assign,[əˈsaɪn],2 / 5,"1. V-T If you assign a piece of work to someone, you give them the work to do. | 2. V-T If you assign something to someone, you say that it is for their use. | 3. V-T If someone is assigned to a particular place, group, or person, they are sent there, usually in order to work at that place or for that person.","V-T If you ___ a piece of work to someone, you give them the work to do.",布置 (任务) | 分配 (某物) | 分派 [usu passive] | 赋予 (某功能或价值),Unit 4
articulate,[ɑːˈtɪkjuleɪt],2 / 5,"1. ADJ If you describe someone as articulate , you mean that they are able to express their thoughts and ideas easily and well. | 2. V-T When you articulate your ideas or feelings, you express them clearly in words. | 3. V-T If you articulate something, you say it very clearly, so that each word or syllable can be heard.","ADJ If you describe someone as ___ , you mean that they are able to express their thoughts and ideas easily and well.",善表达的 [表赞许] | 清楚地表述 [正式] | 清楚地说出,Unit 4
coordinated,[kəʊˈɔːdɪneɪtɪd],2 / 5,"1. V-T If you coordinate an activity, you organize the various people and things involved in it. | 2. ADJ coordinated | 3. V-T If you coordinate the different parts of your body, you make them work together efficiently to perform particular movements.","V-T If you coordinate an activity, you organize the various people and things involved in it.",协调 | 协调的 | 使 (身体各部位) 协调 | 搭配 (衣服、饰品) | 坐标 [技术],Unit 4
illustration,[ˌɪləˈstreɪʃ(ə)n],3 / 5,"1. N-COUNT An illustration is an example or a story that is used to make a point clear. | 2. N-COUNT An illustration in a book is a picture, design, or diagram. ( | 3.see also illustrate",N-COUNT An ___ is an example or a story that is used to make a point clear.,实例 | 书中的) 插图,Unit 4
submit,[səbˈmɪt],2 / 5,"1. V-I If you submit to something, you unwillingly allow something to be done to you, or you do what someone wants, for example because you are not powerful enough to resist. | 2. V-T If you submit a proposal, report, or request to someone, you formally send it to them so that they can consider it or decide about it.","V-I If you ___ to something, you unwillingly allow something to be done to you, or you do what someone wants, for example because you are not powerful enough to resist.",屈从 | 提交 (建议、报告或请求),Unit 4
tag,[tæɡ],2 / 5,"1. N-COUNT A tag is a small piece of card or cloth which is attached to an object or person and has information about that object or person on it. | 2. see also price tag | 3. N-COUNT An electronic tag is a device that is firmly attached to someone or something and sets off an alarm if that person or thing moves away or is removed. (",N-COUNT A ___ is a small piece of card or cloth which is attached to an object or person and has information about that object or person on it.,标签 | 电子) 跟踪器 | 儿童玩的) 触碰捉人游戏 | 给…贴标签,Unit 4
bullying,[ˈbʊliɪŋ],2 / 5,"1. N-COUNT A bully is someone who uses their strength or power to hurt or frighten other people. | 2. V-T If someone bullies you, they use their strength or power to hurt or frighten you. | 3. N-UNCOUNT bullying",N-COUNT A ___ is someone who uses their strength or power to hurt or frighten other people.,"恃强凌弱者 | 欺负 | 欺凌行为 | 威逼 | 真棒 (Also bully for you) [非正式] | 新西兰)塘鲤 (Also called (NZ) pakoko, titarakura, toitoi)",Unit 4
crave,[kreɪv],1 / 5,"1. V-T If you crave something, you want to have it very much. | 2. N-COUNT craving","V-T If you ___ something, you want to have it very much.",渴望得到 | 渴求,Unit 4
harass,[ˈhærəs],1 / 5,"1. V-T If someone harasses you, they trouble or annoy you, for example by attacking you repeatedly or by causing you as many problems as they can.","V-T If someone ___es you, they trouble or annoy you, for example by attacking you repeatedly or by causing you as many problems as they can.",骚扰,Unit 4
forward,[ˈfɔːwəd],4 / 5,"1. ADV If you move or look forward , you move or look in a direction that is in front of you. | 2. ADV Forward means in a position near the front of something such as a building or a vehicle. | 3. ADJ Forward is also an adjective.","ADV If you move or look ___ , you move or look in a direction that is in front of you.",向前 (移动、看) [ADV after v] | 靠前地 | 靠前的 [ADJ n] | 看) 向前地 [表赞许] | 向前的 [ADJ n] | 拨钟表) 向前地 [ADV after v] | 从某时刻) 起 ['from' n ADV] | 向前 (进展、进步) | 呈、走) 上前; (提) 出来 [ADV after v] | 转发 | 篮球、足球、曲棍球等运动的) 前锋,Unit 4
withdrawal,[wɪðˈdrɔːəl],3 / 5,"1. N-VAR The withdrawal of something is the act or process of removing it, or ending it. | 2. N-UNCOUNT Someone's withdrawal from an activity or an organization is their decision to stop taking part in it. | 3. N-COUNT A withdrawal is an amount of money that you take from your bank account.","N-VAR The ___ of something is the act or process of removing it, or ending it.",去除; 结束 [正式] | 退出 | 所取钱款 | 戒毒过程,Unit 4
depression,[dɪˈpreʃn],3 / 5,"1. N-VAR Depression is a mental state in which you are sad and feel that you cannot enjoy anything, because your situation is so difficult and unpleasant. | 2. N-COUNT A depression is a time when there is very little economic activity, which causes a lot of unemployment and poverty. | 3. N-COUNT A depression in a surface is an area which is lower than the parts surrounding it.","N-VAR ___ is a mental state in which you are sad and feel that you cannot enjoy anything, because your situation is so difficult and unpleasant.",抑郁 | 萧条期 | 洼地 | 低气压,Unit 4
suicide,[ˈsuːɪsaɪd],3 / 5,1. N-VAR People who commit suicide deliberately kill themselves because they do not want to continue living.,N-VAR People who commit ___ deliberately kill themselves because they do not want to continue living.,自杀,Unit 4
contaminate,[kənˈtæmɪneɪt],2 / 5,"1. V-T If something is contaminated by dirt, chemicals, or radiation, they make it dirty or harmful. | 2. N-UNCOUNT contamination","V-T If something is ___d by dirt, chemicals, or radiation, they make it dirty or harmful.",污染 | 污染,Unit 4
hatred,[ˈheɪtrɪd],2 / 5,1. N-UNCOUNT Hatred is an extremely strong feeling of dislike for someone or something.,N-UNCOUNT ___ is an extremely strong feeling of dislike for someone or something.,憎恨,Unit 4
positivity,[ˌpɒzɪˈtɪvɪti],2 / 5,Positivity is the fact of having a positive attitude.,___ is the fact of having a positive attitude.,n. 积极性，确实,Unit 4
harass,[ˈhærəs],1 / 5,"1. V-T If someone harasses you, they trouble or annoy you, for example by attacking you repeatedly or by causing you as many problems as they can.","V-T If someone ___es you, they trouble or annoy you, for example by attacking you repeatedly or by causing you as many problems as they can.",骚扰,Unit 4
snap,[snæp],3 / 5,"1. V-T/V-I If something snaps or if you snap it, it breaks suddenly, usually with a sharp cracking noise. | 2. N-SING Snap is also a noun. | 3. V-T/V-I If you snap something into a particular position, or if it snaps into that position, it moves quickly into that position, with a sharp sound.","V-T/V-I If something ___s or if you ___ it, it breaks suddenly, usually with a sharp cracking noise.",使喀嚓折断; 喀嚓折断 | 喀嚓的断裂声 | 使发出啪的一声; 发出啪的一声 | 吧嗒声 | 打响指 | 打响指 [N 'of' n] | 声色俱厉地说 | 人) 突然发怒; (物) 突然爆发 | 作势猛咬 | 仓促的 [ADJ n] | 按扣 [美国英语] | 相片 [非正式],Unit 4
crook,[krʊk],2 / 5,"1. N-COUNT A crook is a dishonest person or a criminal. | 2. N-COUNT The crook of your arm or leg is the soft inside part where you bend your elbow or knee. | 3. N-COUNT A crook is a long pole with a large hook at the end. A crook is carried by a bishop in religious ceremonies, or by a shepherd. (",N-COUNT A ___ is a dishonest person or a criminal.,无赖; 恶棍 [非正式] | 臂弯; 腿弯 | 主教在宗教仪式上所用的或牧羊人使用的) 曲柄手杖 | 弯曲,Unit 4
predator,[ˈpredətə(r)],1 / 5,1. N-COUNT A predator is an animal that kills and eats other animals. | 2. N-COUNT People sometimes refer to predatory people or organizations as predators .,N-COUNT A ___ is an animal that kills and eats other animals.,食肉动物 | 掠夺者,Unit 4
stalker,[ˈstɔːkə(r)],N/A,"1. N-COUNT A stalker is someone who keeps following or contacting someone else, especially a famous person or a person they used to have a relationship with, in an annoying and frightening way.","N-COUNT A ___ is someone who keeps following or contacting someone else, especially a famous person or a person they used to have a relationship with, in an annoying and frightening way.",骚扰者; 纠缠者,Unit 4
vulnerable,[ˈvʌlnərəbl],3 / 5,"1. ADJ Someone who is vulnerable is weak and without protection, with the result that they are easily hurt physically or emotionally. | 2. N-VAR vulnerability | 3. ADJ If a person, animal, or plant is vulnerable to a disease, they are more likely to get it than other people, animals, or plants.","ADJ Someone who is ___ is weak and without protection, with the result that they are easily hurt physically or emotionally.",易受伤害的 | 脆弱 | 容易患…病的 | 患病的可能性 | 易受损害的 | 易受攻击性,Unit 4
intervene,[ˌɪntəˈviːn],2 / 5,"1. V-I If you intervene in a situation, you become involved in it and try to change it. | 2. V-I If you intervene , you interrupt a conversation in order to add something to it. | 3. V-I If an event intervenes , it happens suddenly in a way that stops, delays, or prevents something from happening.","V-I If you ___ in a situation, you become involved in it and try to change it.",干预 | 插话 | 干扰,Unit 4
profile,[ˈprəʊfaɪl],3 / 5,"1. N-COUNT Your profile is the outline of your face as it is seen when someone is looking at you from the side. ( | 2. N-UNCOUNT If you see someone in profile , you see them from the side. | 3. N-COUNT A profile of someone is a short article or programme in which their life and character are described. (",N-COUNT Your ___ is the outline of your face as it is seen when someone is looking at you from the side. (,面部的) 侧面轮廓 | 从侧面 | 有关某人的) 简介 | 书面的) 描述 [oft N 'of' n] | 进行描画 [usu with supp] | 高关注度,Unit 4
insight,[ˈɪnsaɪt],2 / 5,"1. N-VAR If you gain insight or an insight into a complex situation or problem, you gain an accurate and deep understanding of it. | 2. N-UNCOUNT If someone has insight , they are able to understand complex situations.","N-VAR If you gain ___ or an ___ into a complex situation or problem, you gain an accurate and deep understanding of it.",深入了解; 深刻见解 | 洞察力,Unit 4
divulge,[daɪˈvʌldʒ],1 / 5,"1. V-T If you divulge a piece of secret or private information, you tell it to someone.","V-T If you ___ a piece of secret or private information, you tell it to someone.",泄露 [正式],Unit 4
disconnect,[ˌdɪskəˈnekt],1 / 5,"1. V-T To disconnect a piece of equipment means to separate it from its source of power or to break a connection that it needs in order to work. | 2. V-T If you are disconnected by a gas, electricity, water, or telephone company, they turn off the connection to your house, usually because you have not paid the bill. | 3. V-T If you disconnect something from something else, you separate the two things.",V-T To ___ a piece of equipment means to separate it from its source of power or to break a connection that it needs in order to work.,断开 | 切断 (煤气、电、水、电话等的) 供应 [usu passive] | 使分离,Unit 5
relaxation,[ˌriːlækˈseɪʃ(ə)n],2 / 5,"1. N-UNCOUNT Relaxation is a way of spending time in which you rest and feel comfortable. | 2. N-UNCOUNT If there is relaxation of a rule or control, it is made less firm or strong. (",N-UNCOUNT ___ is a way of spending time in which you rest and feel comfortable.,休息 | 规定或控制的) 放松,Unit 5
recharge,[ˌriːˈtʃɑːdʒ],1 / 5,"1. V-T If you recharge a battery, you put an electrical charge back into the battery by connecting it to a machine that draws power from another source of electricity. | 2. PHRASE If you recharge your batteries , you take a break from activities which are tiring or difficult in order to relax and feel better when you return to these activities.","V-T If you ___ a battery, you put an electrical charge back into the battery by connecting it to a machine that draws power from another source of electricity.",给(电池)充电 | 放松; 补充精力; 恢复精力,Unit 5
skinny,[ˈskɪni],1 / 5,"1. ADJ A skinny person is extremely thin, often in a way that you find unattractive.","ADJ A ___ person is extremely thin, often in a way that you find unattractive.",瘦得皮包骨的 [非正式],Unit 5
spice,[spaɪs],2 / 5,"1. N-MASS A spice is a part of a plant, or a powder made from that part, which you put in food to give it flavour. Cinnamon, ginger, and paprika are spices. | 2. V-T If you spice something that you say or do, you add excitement or interest to it. | 3. PHRASAL VERB Spice up means the same as .","N-MASS A ___ is a part of a plant, or a powder made from that part, which you put in food to give it flavour. Cinnamon, ginger, and paprika are ___s.",香料 | 给…增加趣味 | 给…增加趣味 (同)(spice),Unit 5
exotic,[ɪɡˈzɒtɪk],2 / 5,"1. ADJ Something that is exotic is unusual and interesting,usually because it comes from or is related to a distant country.","ADJ Something that is ___ is unusual and interesting,usually because it comes from or is related to a distant country.", (常因来自遥远的他国而显得) 奇异的,Unit 5
embrace,[ɪmˈbreɪs],2 / 5,"1. V-RECIP If you embrace someone, you put your arms around them and hold them tightly, usually in order to show your love or affection for them. You can also say that two people embrace . | 2. N-COUNT Embrace is also a noun. | 3. V-T If you embrace a change, political system, or idea, you accept it and start supporting it or believing in it.","V-RECIP If you ___ someone, you put your arms around them and hold them tightly, usually in order to show your love or affection for them. You can also say that two people ___ .",拥抱 | 拥抱 | 欣然接受; 信奉 [正式] | 欣然接受; 信奉 | 囊括 [正式] | 笼络(陪审员等) [criminal law],Unit 5
erase,[ɪˈreɪz],1 / 5,"1. V-T If you erase a thought or feeling, you destroy it completely so that you can no longer remember something or no longer feel a particular emotion. | 2. V-T If you erase sound that has been recorded on a tape or information which has been stored in a computer, you completely remove or destroy it. | 3. V-T If you erase something such as writing or a mark, you remove it, usually by rubbing it with a cloth.","V-T If you ___ a thought or feeling, you destroy it completely so that you can no longer remember something or no longer feel a particular emotion.",抹去; 消除 | 抹掉; 删除 | 擦掉 (字迹),Unit 5
cement,[sɪˈment],2 / 5,1. N-UNCOUNT Cement is a grey powder which is mixed with sand and water in order to make concrete. | 2. N-UNCOUNT Cement is the same as . | 3. N-UNCOUNT Glue that is made for sticking particular substances together is sometimes called cement .,N-UNCOUNT ___ is a grey powder which is mixed with sand and water in order to make concrete.,水泥 | 混凝土 | 胶合剂 | 巩固 (关系、协约) | 使黏结 [usu passive],Unit 5
nostalgic,[nɒˈstældʒɪk],1 / 5,"1. ADJ Nostalgic things cause you to think affectionately about the past. | 2. ADJ If you feel nostalgic , you think affectionately about experiences you had in the past. | 3. ADV nostalgically",ADJ ___ things cause you to think affectionately about the past.,引起怀旧的 | 怀旧的 | 怀旧地,Unit 5
route,[ruːt],4 / 5,"1. N-COUNT A route is a way from one place to another. | 2. N-COUNT A bus, air, or shipping route is the way between two places along which buses, planes, or ships travel regularly. ( | 3. N-IN-NAMES In the United States, Route is used in front of a number in the names of main roads between major cities. (…",N-COUNT A ___ is a way from one place to another.,路线 | 公共汽车的) 行车路线; (飞机、轮船的) 航线 | 号) 公路 | 巡访 [美国英语] | 途径 | 为…规定路线 [usu passive] | 在途中 | 在…的过程中; 在…之前,Unit 5
itinerary,[aɪˈtɪnərəri],1 / 5,"1. N-COUNT An itinerary is a plan of a trip, including the route and the places that you will visit.","N-COUNT An ___ is a plan of a trip, including the route and the places that you will visit.",旅行计划,Unit 5
membership,[ˈmembəʃɪp],3 / 5,"1. N-UNCOUNT Membership in an organization is the state of being a member of it. | 2. N-VAR-COLL The membership of an organization is the people who belong to it, or the number of people who belong to it.",N-UNCOUNT ___ in an organization is the state of being a member of it.,成员身份 | 全体成员; 成员数,Unit 5
territory,[ˈterətri],4 / 5,1. N-VAR Territory is land which is controlled by a particular country or ruler. | 2. N-COUNT A territory is a country or region that is controlled by another country. | 3. N-UNCOUNT You can use territory to refer to an area of knowledge or experience.,N-VAR ___ is land which is controlled by a particular country or ruler.,领土 | 属地 | 领域 [with supp] | 动物的) 地盘 | 具有某种特征的) 地带,Unit 5
executive,[ɪɡˈzekjətɪv],4 / 5,"1. N-COUNT An executive is someone who is employed by a business at a senior level. Executives decide what the business should do, and ensure that it is done. | 2. ADJ The executive sections and tasks of an organization are concerned with the making of decisions and with ensuring that decisions are carried out. | 3. ADJ Executive goods are expensive products designed or intended for executives and other people at a similar social or economic level.","N-COUNT An ___ is someone who is employed by a business at a senior level. ___s decide what the business should do, and ensure that it is done.","执行总监 | 执行的 [ADJ n] | 高级的 [ADJ n] | 执行委员会 ['the' N, N n] | 政府的) 行政部门 ['the' N, N n]",Unit 5
seasoned,[ˈsiːz(ə)nd],1 / 5,"1. ADJ You can use seasoned to describe a person who has a lot of experience of something. For example, a seasoned traveller is a person who has travelled a lot.","ADJ You can use ___ to describe a person who has a lot of experience of something. For example, a ___ traveller is a person who has travelled a lot.",经验丰富的,Unit 5
premium,[ˈpriːmiəm],3 / 5,1. N-COUNT A premium is a sum of money that you pay regularly to an insurance company for an insurance policy. | 2. N-COUNT A premium is a sum of money that you have to pay for something in addition to the normal cost. | 3. ADJ Premium products are of a higher than usual quality and are often expensive.,N-COUNT A ___ is a sum of money that you pay regularly to an insurance company for an insurance policy.,保险费 | 附加费 | 高端的 [ADJ n] | 求之难得 | 以高价 (买、卖),Unit 5
priority,[praɪˈɒrəti],3 / 5,"1. N-COUNT If something is a priority , it is the most important thing you have to do or deal with, or must be done or dealt with before everything else you have to do. | 2. PHRASE If you give priority to something or someone, you treat them as more important than anything or anyone else. | 3. PHRASE If something takes priority or has priority over other things, it is regarded as being more important than them and is dealt with first.","N-COUNT If something is a ___ , it is the most important thing you have to do or deal with, or must be done or dealt with before everything else you have to do.",优先处理的事 | 优先考虑 | 有优先性,Unit 5
amid,[əˈmɪd],3 / 5,"1. PREP If something happens amid noises or events of some kind, it happens while the other things are happening.","PREP If something happens ___ noises or events of some kind, it happens while the other things are happening.",在…当中,Unit 5
penetrate,[penɪtreɪt],3 / 5,"1. V-T If something or someone penetrates a physical object or an area, they succeed in getting into it or passing through it. | 2. V-T If a company or country penetrates a market or area, they succeed in selling their products there.","V-T If something or someone ___ a physical object or an area, they succeed in getting into it or passing through it.",n. 穿透，渗透，进入；（产品对市场的）渗透度，占有率；（某种信仰在某一社会的）渗透；（为刺探情报对某团体、企业等的）渗入；洞察力；（阴茎的）插入,Unit 5
retiree,[rɪˌtaɪəˈriː],1 / 5,1. N-COUNT A retiree is a retired person.,N-COUNT A ___ is a retired person.,退休人员 [美国英语],Unit 5
undeniable,[ˌʌndɪˈnaɪəbl],1 / 5,"1. ADJ If you say that something is undeniable , you mean that it is definitely true. | 2. ADV undeniably","ADJ If you say that something is ___ , you mean that it is definitely true.",无可否认的 | 无可否认地,Unit 5
convert,[kənˈvɜːt],3 / 5,"1. V-T/V-I If one thing is converted or converts into another, it is changed into a different form. | 2. V-T If someone converts a room or building, they alter it in order to use it for a different purpose. | 3. V-T If you convert a vehicle or piece of equipment, you change it so that it can use a different fuel.","V-T/V-I If one thing is ___ed or ___s into another, it is changed into a different form.",转变 | 改建 | 改装 | 换算 | 改变信仰 | 改变信仰的人 [oft N 'to' n] | 热衷…的人 [usu N 'to' n],Unit 5
shot,[ʃɒt],4 / 5,1. Shot is the past tense and past participle of . (shoot) | 2. N-COUNT A shot is an act of firing a gun. | 3. N-COUNT Someone who is a good shot can shoot well. Someone who is a bad shot cannot shoot well.,___ is the past tense and past participle of . (shoot),的过去式和过去分词 | 开枪 | 射击手 | 射门; 击球; 投篮 | 照片; (电影的) 连续镜头 | 尝试 [非正式] | 注射 | 一小杯 | 铅弹 | 将子弹上膛 | 闪色的 | 铅球 [sport] | 尽力做某事 [非正式] | 发号施令 | 立刻; 毫不迟疑地 [非正式] | 胜算不大的尝试 | 根本 (表示强调) [强调],Unit 5
massive,[ˈmæsɪv],3 / 5,"1. ADJ Something that is massive is very large in size, quantity, or extent. ( | 2. ADV massively | 3. ADJ If you describe a medical condition as massive , you mean that it is extremely serious.","ADJ Something that is ___ is very large in size, quantity, or extent. (",尺寸、数量、规模) 非常大的 [强调] | 非常大地 | 严重的 [ADJ n],Unit 5
parade,[pəˈreɪd],2 / 5,"1. N-COUNT A parade is a procession of people or vehicles moving through a public place in order to celebrate an important day or event. | 2. V-I When people parade somewhere, they walk together in a formal group or a line, usually with other people watching them. | 3. N-VAR Parade is a formal occasion when soldiers stand in lines to be seen by an officer or important person, or march in a group.",N-COUNT A ___ is a procession of people or vehicles moving through a public place in order to celebrate an important day or event.,游行 | 游行 | 阅兵式 [oft 'on' N] | 把…游街; 把…示众 [usu passive] | 为使自己获益而) 展示 [usu passive] | 为炫耀而) 展示 | 吹嘘; 夸耀,Unit 5
souvenir,[ˌsuːvəˈnɪə(r)],1 / 5,"1. N-COUNT A souvenir is something which you buy or keep to remind you of a holiday, place, or event.","N-COUNT A ___ is something which you buy or keep to remind you of a holiday, place, or event.",纪念品,Unit 5
location,[ləʊˈkeɪʃn],3 / 5,1. N-COUNT A location is the place where something happens or is situated. | 2. N-COUNT The location of someone or something is their exact position. | 3. N-VAR A location is a place away from a studio where a film or part of a film is made.,N-COUNT A ___ is the place where something happens or is situated.,地点 | 准确位置 | 外景拍摄地,Unit 5
scheme,[skiːm],4 / 5,"1. N-COUNT A scheme is someone's plan for achieving something, especially something that will bring them some benefit. | 2. V-T/V-I If you say that people are scheming , you mean that they are making secret plans in order to gain something for themselves. | 3. N-COUNT A scheme is a plan or arrangement involving many people which is made by a government or other organization. (","N-COUNT A ___ is someone's plan for achieving something, especially something that will bring them some benefit.",计划 | 密谋 [oft cont] [表不满] | 政府或其他机构的) 大规模计划 [英国英语] | 天地万物的格局,Unit 5
surcharge,[ˈsɜːtʃɑːdʒ],1 / 5,"1. N-COUNT A surcharge is an extra payment of money in addition to the usual payment for something. It is added for a specific reason, for example by a company because costs have risen or by a government as a tax.","N-COUNT A ___ is an extra payment of money in addition to the usual payment for something. It is added for a specific reason, for example by a company because costs have risen or by a government as a tax.",附加费,Unit 5
collapse,[kəˈlæps],4 / 5,"1. V-I If a building or other structure collapses , it falls down very suddenly. | 2. N-UNCOUNT Collapse is also a noun. | 3. V-I If something, for example a system or institution, collapses , it fails or comes to an end completely and suddenly. (","V-I If a building or other structure ___s , it falls down very suddenly.",坍塌 | 坍塌 | 系统或制度等) 崩溃; 瓦解 | 系统或制度等的) 崩溃; 瓦解 | 晕倒; 倒下 | 晕倒; 倒下 | 因极度疲倦而) 瘫坐; 瘫倒,Unit 5
premise,[ˈpremɪs],2 / 5,1. N-PLURAL The premises of a business or an institution are all the buildings and land that it occupies in one place. | 2. N-COUNT A premise is something that you suppose is true and that you use as a basis for developing an idea.,N-PLURAL The ___s of a business or an institution are all the buildings and land that it occupies in one place.,经营场所; 办公场所 | 前提 [正式],Unit 5
hospitality,[ˌhɒspɪˈtæləti],1 / 5,"1. N-UNCOUNT Hospitality is friendly, welcoming behaviour toward guests or people you have just met. | 2. N-UNCOUNT Hospitality is the food, drink, and other privileges which some companies provide for their visitors or clients at major sports events or other public events. (","N-UNCOUNT ___ is friendly, welcoming behaviour toward guests or people you have just met.",殷勤好客 | 在重大体育赛事或其他公共活动中，一些公司为客人提供的) 食物、饮料和其它优待,Unit 5
hostel,[ˈhɒst(ə)l],N/A,"1. N a building providing overnight accommodation, as for the homeless, etc (","N a building providing overnight accommodation, as for the homeless, etc (",流浪者等的)过夜住宿处,Unit 5
fascinating,[ˈfæsɪneɪtɪŋ],2 / 5,"1. ADJ If you describe something as fascinating , you find it very interesting and attractive, and your thoughts tend to concentrate on it.","ADJ If you describe something as ___ , you find it very interesting and attractive, and your thoughts tend to concentrate on it.",迷人的,Unit 5
option,[ˈɒpʃ(ə)n],4 / 5,"1. N-COUNT An option is something that you can choose to do in preference to one or more alternatives. | 2. N-SING If you have the option of doing something, you can choose whether to do it or not. | 3. N-COUNT In business, an option is an agreement or contract that gives someone the right to buy or sell something such as property or shares at a future date.",N-COUNT An ___ is something that you can choose to do in preference to one or more alternatives.,供选择的东西 | 选择权 | 购买权; 出售权; 期权 [商业] | 选修课 [英国英语] | 暂不做决定,Unit 5
municipal,[mjuːˈnɪsɪp(ə)l],2 / 5,1. ADJ Municipal means associated with or belonging to a city or town that has its own local government.,ADJ ___ means associated with or belonging to a city or town that has its own local government.,市政的 [ADJ n],Unit 5
imperial,[ɪmˈpɪəriəl],2 / 5,"1. ADJ Imperial is used to refer to things or people that are or were connected with an empire. | 2. ADJ The imperial system of measurement uses inches, feet, yards and miles to measure length, ounces and pounds to measure weight, and pints, quarts and gallons to measure volume. (",ADJ ___ is used to refer to things or people that are or were connected with an empire.,帝国的 [ADJ n] | 度量衡) 英制的 [ADJ n],Unit 5
visible,[ˈvɪzəb(ə)l],3 / 5,"1. ADJ If something is visible , it can be seen. | 2. ADJ You use visible to describe something or someone that people notice or recognize. | 3. ADV visibly","ADJ If something is ___ , it can be seen.",可见的 | 明显的 | 明显地,Unit 5
shroud,[ʃraʊd],1 / 5,"1. N-COUNT A shroud is a cloth which is used for wrapping a dead body. | 2. V-T If something has been shrouded in mystery or secrecy, very little information about it has been made available. | 3. V-T If darkness, fog, or smoke shrouds an area, it covers it so that it is difficult to see.",N-COUNT A ___ is a cloth which is used for wrapping a dead body.,裹尸布 | 掩盖 | 笼罩,Unit 5
compound,[ˈkɒmpaʊnd],2 / 5,"1. N-COUNT A compound is an enclosed area of land that is used for a particular purpose. | 2. N-COUNT In chemistry, a compound is a substance that consists of two or more elements. | 3. N-COUNT If something is a compound of different things, it consists of those things.",N-COUNT A ___ is an enclosed area of land that is used for a particular purpose.,作特定用途的围地 | 化合物 | 混合物 [正式] | 复合的 [ADJ n] | 通过混合或化合制成 | 加剧 | 合成的 (词) [ADJ n],Unit 5
slowdown,[ˈsləʊdaʊn],1 / 5,1. N-COUNT A slowdown is a reduction in speed or activity. | 2. N-COUNT A slowdown is a protest in which workers deliberately work slowly and cause problems for their employers.,N-COUNT A ___ is a reduction in speed or activity.,减速; 减退 | 怠工抗议 [美国英语] [商业],Unit 5
fall for,[fɔːl fɔː],2 / 5,"If you fall for someone, you are strongly attracted to them and start loving them.","If you ___ someone, you are strongly attracted to them and start loving them.",被……所迷住 | 上当，受骗,Unit 5
charm,[tʃɑːm],2 / 5,"1. N-VAR Charm is the quality of being pleasant or attractive. | 2. N-UNCOUNT Someone who has charm behaves in a friendly, pleasant way that makes people like them. ( | 3. V-T If you charm someone, you please them, especially by using your charm. (",N-VAR ___ is the quality of being pleasant or attractive.,魅力 | 人的) 魅力 | 用魅力) 取悦 | 手链或项链上的) 挂坠 | 符咒 | 众人说话或群鸟发出的)噪声 [Southwest English] [DIALECT],Unit 5
gear,[ɡɪə(r)],3 / 5,1. N-COUNT The gears on a machine or vehicle are a device for changing the rate at which energy is changed into motion. | 2. N-UNCOUNT The gear involved in a particular activity is the equipment or special clothing that you use. ( | 3. N-UNCOUNT Gear means clothing.,N-COUNT The ___s on a machine or vehicle are a device for changing the rate at which energy is changed into motion.,排挡 | 用于特定活动的) 设备、服装 | 衣服 [非正式] | 使适合,Unit 5
ethnic,[ˈeθnɪk],3 / 5,"1. ADJ Ethnic means connected with or relating to different racial or cultural groups of people. | 2. ADV ethnically | 3. ADJ You can use ethnic to describe people who belong to a particular racial or cultural group but who, usually, do not live in the country where most members of that group live.",ADJ ___ means connected with or relating to different racial or cultural groups of people.,种族的 | 种族上地 | 少数民族的 [ADJ n] | 少数民族地 [ADV adj] | 具有民族特色的,Unit 5
generate,[ˈdʒenəreɪt],3 / 5,1. V-T To generate something means to cause it to begin and develop. | 2. V-T To generate a form of energy or power means to produce it.,V-T To ___ something means to cause it to begin and develop.,造成 | 产生 (电等能量),Unit 5
domestic,[dəˈmestɪk],4 / 5,"1. ADJ Domestic political activities, events, and situations happen or exist within one particular country. | 2. see also gross domestic product | 3. ADJ Domestic duties and activities are concerned with the running of a home and family.","ADJ ___ political activities, events, and situations happen or exist within one particular country.",国内的 | 家务的 [ADJ n] | 家用的 [ADJ n] | 家庭的 | 家养的; 饲养的,Unit 5
entrepreneur,[ˌɒntrəprəˈnɜː(r)],2 / 5,1. N-COUNT An entrepreneur is a person who sets up businesses and business deals.,N-COUNT An ___ is a person who sets up businesses and business deals.,创业者 [商业],Unit 6
extracurricular,[ˌekstrəkəˈrɪkjələ(r)],N/A,1. ADJ Extracurricular activities are activities for students that are not part of their course. | 2. ADJ Extracurricular activities are activities that someone does outside of their normal work.,ADJ ___ activities are activities for students that are not part of their course.,课外的 [正式] [ADJ n] | 工余的 [非正式] [ADJ n],Unit 6
start-up,[ˈstɑːt ʌp],N/A,A start-up company is a small business that has recently been started by someone.,A ___ company is a small business that has recently been started by someone.,n. 启动；初创企业 | adj. 起动阶段的；开始阶段的（异体字startup）,Unit 6
equation,[ɪˈkweɪʒ(ə)n],2 / 5,"1. N-COUNT An equation is a mathematical statement saying that two amounts or values are the same, for example 6x4=12x2. | 2. N-COUNT An equation is a situation in which two or more parts have to be considered together so that the whole situation can be understood or explained.","N-COUNT An ___ is a mathematical statement saying that two amounts or values are the same, for example 6x4=12x2.",等式 | 制衡局面,Unit 6
payoff,[ˈpeɪˌɒf],1 / 5,"1. N-COUNT The payoff from an action is the advantage or benefit that you get from it. ( | 2. N-COUNT A payoff is a payment made to someone, often secretly or illegally, so that they will not cause trouble. | 3. N-COUNT A payoff is a large payment made to someone by their employer when the person has been forced to leave their job.",N-COUNT The ___ from an action is the advantage or benefit that you get from it. (,某行动的) 收益 | 贿赂钱 | 辞退补偿金,Unit 6
sophisticated,[səˈfɪstɪkeɪtɪd],3 / 5,"1. ADJ A sophisticated machine, device, or method is more advanced or complex than others. | 2. ADJ Someone who is sophisticated is comfortable in social situations and knows about culture, fashion, and other matters that are considered socially important. | 3. ADJ A sophisticated person is intelligent and knows a lot, so that they are able to understand complicated situations.","ADJ A ___ machine, device, or method is more advanced or complex than others.",高级的; 复杂的 | 老练的; 久经世故的 | 干练的,Unit 6
intellectual,[ˌɪntəˈlektʃuəl],3 / 5,1. ADJ Intellectual means involving a person's ability to think and to understand ideas and information. | 2. ADV intellectually | 3. N-COUNT An intellectual is someone who spends a lot of time studying and thinking about complicated ideas.,ADJ ___ means involving a person's ability to think and to understand ideas and information.,智力的 [ADJ n] | 智力地 | 知识分子 | 有高智力的,Unit 6
professorial,[ˌprɒfəˈsɔːriəl],N/A,"1. ADJ If you describe someone as professorial , you mean that they look or behave like a professor. | 2. ADJ Professorial means relating to the work of a professor.","ADJ If you describe someone as ___ , you mean that they look or behave like a professor.",像教授的; 有学者风范的 | 和教授工作有关的 [ADJ n],Unit 6
niche,[niːʃ],1 / 5,"1. N-COUNT A niche in the market is a specific area of marketing which has its own particular requirements, customers, and products. ( | 2. ADJ Niche marketing is the practice of dividing the market into specialized areas for which particular products are made. A niche market is one of these specialized areas. | 3. N-COUNT A niche is a hollow area in a wall which has been made to hold a statue, or a natural hollow part in a hill or cliff.","N-COUNT A ___ in the market is a specific area of marketing which has its own particular requirements, customers, and products. (",有特定的要求、顾客群和产品的) 专营市场 [商业] | 专营市场的 [商业] [ADJ n] | 壁龛; (山坡或峭壁上) 天然凹陷处 | 合适的职位; 合适的活动,Unit 6
mentor,[ˈmentɔː(r)],N/A,"1. N-COUNT A person's mentor is someone who gives them help and advice over a period of time, especially help and advice related to their job. | 2. V-T To mentor someone means to give them help and advice over a period of time, especially help and advice related to their job.","N-COUNT A person's ___ is someone who gives them help and advice over a period of time, especially help and advice related to their job.",导师 | 指导,Unit 6
contagious,[kənˈteɪdʒəs],1 / 5,1. ADJ A disease that is contagious can be caught by touching people or things that are infected with it. Compare . | 2. ADJ A feeling or attitude that is contagious spreads quickly among a group of people.,ADJ A disease that is ___ can be caught by touching people or things that are infected with it. Compare .,接触传染的 | 有感染力的,Unit 6
pitch,[pɪtʃ],3 / 5,"1. V-T If you pitch something somewhere, you throw it with some force, usually aiming it carefully. | 2. V-T In the game of baseball, when you pitch the ball, you throw it to the batter for them to hit it. | 3. V-T/V-I To pitch somewhere means to fall forwards suddenly and with a lot of force. (","V-T If you ___ something somewhere, you throw it with some force, usually aiming it carefully.",投掷 | 投 (球) 给击球手 | 向前) 跌倒 | 迫使进入 (一种新的处境) | 程度 | 音调 | 使 (音调)达到(指定水准) [usu passive] | 给…设定水平 (或难度) | 感情或形势等的) 程度 | 力荐(某主张) | 比赛场地 [英国英语] | 用沥青覆盖(某物) | 游说,Unit 6
polished,[ˈpɒlɪʃt],3 / 5,"If you describe a performance, ability, or skill as polished, you mean that it is of a very high standard.","If you describe a performance, ability, or skill as ___, you mean that it is of a very high standard.",adj. 擦亮的；优美的；圆滑的 | v. 擦亮（polish 的过去式和过去分词）,Unit 6
formula,[ˈfɔːmjələ],3 / 5,"1. N-COUNT A formula is a plan that is invented in order to deal with a particular problem. | 2. N-COUNT A formula is a group of letters, numbers, or other symbols which represents a scientific or mathematical rule. | 3. N-COUNT In science, the formula for a substance is a list of the amounts of various substances which make up that substance, or an indication of the atoms that it is composed of.",N-COUNT A ___ is a plan that is invented in order to deal with a particular problem.,方案 | 公式 | 分子式 | 达成通常为好的结局的) 行动方案,Unit 6
account,[əˈkaʊnt],5 / 5,"1. N-COUNT If you have an account with a bank or a similar organization, you have an arrangement to leave your money there and take some out when you need it. | 2. N-COUNT In business, a regular customer of a company can be referred to as an account , especially when the customer is another company. | 3. N-COUNT Accounts are detailed records of all the money that a person or business receives and spends.","N-COUNT If you have an ___ with a bank or a similar organization, you have an arrangement to leave your money there and take some out when you need it.",账户 | 客户 [商业] | 账目 [商业] | 报道 | 据说 | 无足轻重的 [正式] | 以赊账方式 | 由于 | 为 (某人的) 缘故 (而感到…) | 不) 为 (某人的) 缘故 (而做某事) [口语] | 绝对不 [强调] | 随 (某人) 自己 | 考虑到 | 追究 | 表现很好 [英国英语],Unit 6
cohesive,[kəʊˈhiːsɪv],1 / 5,1. ADJ Something that is cohesive consists of parts that fit together well and form a united whole.,ADJ Something that is ___ consists of parts that fit together well and form a united whole.,有聚合力的,Unit 6
distinctive,[dɪˈstɪŋktɪv],2 / 5,1. ADJ Something that is distinctive has a special quality or feature which makes it easily recognizable and different from other things of the same type. | 2. ADV distinctively,ADJ Something that is ___ has a special quality or feature which makes it easily recognizable and different from other things of the same type.,与众不同的; 有特色的 | 特别地; 有特色地 [ADV adj/-ed],Unit 6
deviation,[ˌdiːviˈeɪʃn],1 / 5,1. N-VAR Deviation means doing something that is different from what people consider to be normal or acceptable.,N-VAR ___ means doing something that is different from what people consider to be normal or acceptable.,偏离; 越轨,Unit 6
endure,[ɪnˈdjʊə(r)],2 / 5,"1. V-T If you endure a painful or difficult situation, you experience it and do not avoid it or give up, usually because you cannot. | 2. V-I If something endures , it continues to exist without any loss in quality or importance. | 3. ADJ enduring","V-T If you ___ a painful or difficult situation, you experience it and do not avoid it or give up, usually because you cannot.",承受 | 延续 | 持久的,Unit 6
navigate,[ˈnævɪɡeɪt],1 / 5,"1. V-T/V-I When someone navigates a ship or an aircraft somewhere, they decide which course to follow and steer it there. | 2. N-VAR navigation | 3. V-T/V-I When a ship or boat navigates an area of water, it sails on or across it.","V-T/V-I When someone ___s a ship or an aircraft somewhere, they decide which course to follow and steer it there.",给 (船或飞机) 导航 | 导航 | 航行 | 为汽车) 导航 | 鱼、动物或昆虫) 找到正确的行进方向 | 绕过,Unit 6
motivation,[ˌməʊtɪˈveɪʃ(ə)n],2 / 5,1. N-COUNT Your motivation for doing something is what causes you to want to do it.,N-COUNT Your ___ for doing something is what causes you to want to do it.,动力,Unit 6
blueprint,[ˈbluːprɪnt],1 / 5,1. N-COUNT A blueprint for something is a plan or set of proposals that shows how it is expected to work. | 2. N-COUNT A blueprint of an architect's building plans or a designer's pattern is a photographic print consisting of white lines on a blue background. Blueprints contain all of the information that is needed to build or make something. ( | 3. N-COUNT A genetic blueprint is a pattern that is contained within all living cells. This pattern decides how the organism develops and what it looks like. (,N-COUNT A ___ for something is a plan or set of proposals that shows how it is expected to work.,蓝图 | 建筑师的) 蓝图 | 基因的) 图谱,Unit 6
agenda,[əˈdʒendə],3 / 5,"1. N-COUNT You can refer to the political issues that are important at a particular time as an agenda . ( | 2. N-COUNT An agenda is a list of the items that have to be discussed at a meeting.",N-COUNT You can refer to the political issues that are important at a particular time as an ___ . (,政治) 议题 | 议事日程,Unit 6
tactic,[ˈtæktɪk],3 / 5,1. N-COUNT Tactics are the methods that you choose to use in order to achieve what you want in a particular situation.,N-COUNT ___s are the methods that you choose to use in order to achieve what you want in a particular situation.,战术,Unit 6
dealer,[ˈdiːlə(r)],3 / 5,1. N-COUNT A dealer is a person whose business involves buying and selling things. | 2. N-COUNT A dealer is someone who buys and sells illegal drugs.,N-COUNT A ___ is a person whose business involves buying and selling things.,商人 [商业] | 毒品贩子,Unit 6
immune,[ɪˈmjuːn],4 / 5,"If you are immune to a particular disease, you cannot be affected by it.","If you are ___ to a particular disease, you cannot be affected by it.",adj. 免疫的；不受影响的；免除的，豁免的 | n. 免疫者，免除者,Unit 6
appalling,[əˈpɔːlɪŋ],2 / 5,1. ADJ Something that is appalling is so bad or unpleasant that it shocks you. | 2. ADV appallingly | 3. ADJ You can use appalling to emphasize that something is very extreme or severe.,ADJ Something that is ___ is so bad or unpleasant that it shocks you.,骇人听闻的 | 骇人听闻地 | 极度的; 严重的 [强调] | 极度地; 严重地,Unit 6
strategic,[strəˈtiːdʒɪk],3 / 5,"1. ADJ Strategic means relating to the most important, general aspects of something such as a military operation or political policy, especially when these are decided in advance. | 2. ADV strategically | 3. ADJ Strategic weapons are very powerful missiles that can be fired only after a decision to use them has been made by a political leader.","ADJ ___ means relating to the most important, general aspects of something such as a military operation or political policy, especially when these are decided in advance.",战略上的 | 战略上地 | 战略性的 | 巧妙的 | 巧妙地,Unit 6
discipline,[ˈdɪsəplɪn],3 / 5,"1. N-UNCOUNT Discipline is the practice of making people obey rules or standards of behaviour, and punishing them when they do not. | 2. N-UNCOUNT Discipline is the quality of being able to behave and work in a controlled way which involves obeying particular rules or standards. | 3. N-VAR If you refer to an activity or situation as a discipline , you mean that, in order to be successful in it, you need to behave in a strictly controlled way and obey particular rules or standards.","N-UNCOUNT ___ is the practice of making people obey rules or standards of behaviour, and punishing them when they do not.",纪律 | 自律 | 训练; 磨练 | 处罚 | 训练 | 尤指大学里的) 学科 [正式],Unit 6
impulse,[ˈɪmpʌls],2 / 5,"1. N-VAR An impulse is a sudden desire to do something. | 2. N-COUNT An impulse is a short electrical signal that is sent along a wire or nerve or through the air, usually as one of a series. | 3. ADJ An impulse buy or impulse purchase is something that you decide to buy when you see it, although you had not planned to buy it.",N-VAR An ___ is a sudden desire to do something.,冲动 | 脉冲 | 一时心血来潮的 [ADJ n] | 凭一时冲动,Unit 6
convince,[kənˈvɪns],3 / 5,"1. V-T If someone or something convinces you to do something, they persuade you to do it. | 2. V-T If someone or something convinces you of something, they make you believe that it is true or that it exists.","V-T If someone or something ___s you to do something, they persuade you to do it.",说服 | 使信服,Unit 6
approach,[əˈprəʊtʃ],4 / 5,"1. V-T/V-I When you approach something, you get closer to it. | 2. N-COUNT Approach is also a noun. | 3. V-T If you approach someone about something, you speak to them about it for the first time, often making an offer or request.","V-T/V-I When you ___ something, you get closer to it.",走近 | 走近 | 与…接洽 [no cont] | 接洽 | 处理 | 临近 | 临近 | 逐渐接近 (某时间或事件) | 几乎达到 (某水平或状态) | 路径 | 方式,Unit 6
aisle,[aɪl],1 / 5,1. N-COUNT An aisle is a long narrow gap that people can walk along between rows of seats in a public building such as a church or between rows of shelves in a supermarket. (,N-COUNT An ___ is a long narrow gap that people can walk along between rows of seats in a public building such as a church or between rows of shelves in a supermarket. (,座位间或货架间的) 通道,Unit 6
install,[ɪnˈstɔːl],3 / 5,"1. V-T If you install a piece of equipment, you put it somewhere so that it is ready to be used. | 2. N-UNCOUNT installation | 3. V-T If someone is installed in a new job or important position, they are officially given the job or position, often in a special ceremony.","V-T If you ___ a piece of equipment, you put it somewhere so that it is ready to be used.",安装 | 安装 | 正式任命 | 任命仪式; 就职仪式 | 安顿 [正式],Unit 6
layout,[ˈleɪaʊt],1 / 5,"1. N-COUNT The layout of a park, building, or piece of writing is the way in which the parts of it are arranged. (","N-COUNT The ___ of a park, building, or piece of writing is the way in which the parts of it are arranged. (",建筑或文章的) 布局,Unit 6
practicalities,N/A,1 / 5,"1. N-VAR The practicalities of a situation are the practical aspects of it, as opposed to its theoretical aspects.","N-VAR The ___ of a situation are the practical aspects of it, as opposed to its theoretical aspects.",现实,Unit 6
abstract,[ˈæbstrækt],2 / 5,"1. ADJ An abstract idea or way of thinking is based on general ideas rather than on real things and events. | 2. ADJ In grammar, an abstract noun refers to a quality or idea rather than to a physical object. | 3. ADJ Abstract art makes use of shapes and patterns rather than showing people or things.",ADJ An ___ idea or way of thinking is based on general ideas rather than on real things and events.,抽象的 | 抽象的 (名词) [ADJ n] | 抽象的 (艺术) | 在抽象意义上 | 抽象作品 | 摘要,Unit 6
ambitious,[æmˈbɪʃəs],2 / 5,"1. ADJ Someone who is ambitious has a strong desire to be successful, rich, or powerful. | 2. ADJ An ambitious idea or plan is on a large scale and needs a lot of work to be carried out successfully.","ADJ Someone who is ___ has a strong desire to be successful, rich, or powerful.",雄心勃勃的 | 宏大的,Unit 6
vast,[vɑːst],3 / 5,1. ADJ Something that is vast is extremely large.,ADJ Something that is ___ is extremely large.,巨大的,Unit 6
raw,[rɔː],3 / 5,"1. ADJ Raw materials or substances are in their natural state before being processed or used in manufacturing. | 2. ADJ Raw food is food that is eaten uncooked, that has not yet been cooked, or that has not been cooked enough. ( | 3. ADJ If a part of your body is raw , it is red and painful, perhaps because the skin has come off or has been burned. (",ADJ ___ materials or substances are in their natural state before being processed or used in manufacturing.,未加工的 | 食物) 生的 | 身体某部因破皮或烫着等) 红且疼的 | 强烈直露的 (情感) | 用以描述事物) 质朴的; 强大的; 真实的 | 数据等) 未整理的; 原始的 | 无经验的 | 阴冷的 | 未处理的 (污水) [ADJ n] | 不公平的待遇 [非正式],Unit 6
grief,[ɡriːf],2 / 5,"1. N-VAR Grief is a feeling of extreme sadness. | 2. PHRASE If something comes to grief , it fails. If someone comes to grief , they fail in something they are doing, and may be hurt. | 3. INTERJ Some people say "" Good grief "" when they are surprised or shocked. (",N-VAR ___ is a feeling of extreme sadness.,悲痛 | 失败; 受伤 | 表示惊奇或震惊) 哎呀 [情感],Unit 6
irritation,[ˌɪrɪˈteɪʃ(ə)n],2 / 5,"1. N-UNCOUNT Irritation is a feeling of annoyance, especially when something is happening that you cannot easily stop or control. | 2. N-COUNT An irritation is something that keeps annoying you. | 3. N-VAR Irritation in a part of your body is a feeling of slight pain and discomfort there.","N-UNCOUNT ___ is a feeling of annoyance, especially when something is happening that you cannot easily stop or control.",恼怒 | 恼人的事 | 刺激,Unit 6
distress,[dɪˈstres],2 / 5,"1. N-UNCOUNT Distress is a state of extreme sorrow, suffering, or pain. | 2. N-UNCOUNT Distress is the state of being in extreme danger and needing urgent help. | 3. V-T If someone or something distresses you, they cause you to be upset or worried.","N-UNCOUNT ___ is a state of extreme sorrow, suffering, or pain.",悲痛; 疼痛 | 危难; 危急 | 使心烦; 使忧虑,Unit 6
switch,[swɪtʃ],3 / 5,"1. N-COUNT A switch is a small control for an electrical device which you use to turn the device on or off. | 2. N-PLURAL On a railway track, the switches are the levers and rails at a place where two tracks join or separate. The switches enable a train to move from one track to another. | 3. V-T/V-I If you switch to something different, for example to a different system, task, or subject of conversation, you change to it from what you were doing or saying before.",N-COUNT A ___ is a small control for an electrical device which you use to turn the device on or off.,开关 | 转辙器 [美国英语] | 转向 | 转变 [usu with supp] | 转变 | 转移 (注意力) | 调换,Unit 6
capture,[ˈkæptʃə(r)],3 / 5,"1. V-T If you capture someone or something, you catch them, especially in a war. | 2. N-UNCOUNT Capture is also a noun. | 3. V-T If something or someone captures a particular quality, feeling, or atmosphere, they represent or express it successfully.","V-T If you ___ someone or something, you catch them, especially in a war.",俘虏; 捕获 | 占领 | 充分体现 [no cont] | 吸引 | 拍摄 [usu passive],Unit 6
clearance,[ˈklɪərəns],1 / 5,"1. N-VAR Clearance is the removal of old buildings, trees, or other things that are not wanted from an area. | 2. N-VAR If you get clearance to do or have something, you get official approval or permission to do or have it.","N-VAR ___ is the removal of old buildings, trees, or other things that are not wanted from an area.",拆除; 清除 | 官方许可,Unit 6
